{
  "selected_model": "Segmented CLR",
  "validation_election": "Knesset_25",
  "validation_rows": 226,
  "overall_mae": 4.207028034932412,
  "overall_r2": 0.9156286742293314,
  "target_results": {
    "Right_pct": {
      "mae": 5.981460583545973,
      "r2": 0.860277751947411
    },
    "Center_Left_pct": {
      "mae": 5.706623167819655,
      "r2": 0.8871606981644599
    },
    "Haredi_pct": {
      "mae": 2.1625371267188775,
      "r2": 0.9371435209486205
    },
    "Arab_pct": {
      "mae": 2.9774912616451434,
      "r2": 0.9779327258568343
    }
  },
  "prediction_sum_minimum": 99.99999999999996,
  "prediction_sum_maximum": 100.00000000000004,
  "highest_error_locality": "בת שלמה",
  "highest_locality_mean_absolute_error": 27.296849626369696,
  "group_with_highest_mean_mae": "Druze Majority",
  "highest_group_mean_mae": 10.704357507333457,
  "weighted_evaluation_available": true,
  "vote_weighted_overall_mae": 2.7229992978881854,
  "vote_weighted_target_mae": {
    "Right_pct": 4.024476856567813,
    "Center_Left_pct": 3.1021854156536937,
    "Haredi_pct": 2.397700428831413,
    "Arab_pct": 1.3676344904998237
  }
}