{
  "selected_model": "Segmented CLR",
  "selection_validation_election": "Knesset_24",
  "validation_election": "Knesset_25",
  "selection_training_rows": 674,
  "training_rows": 898,
  "validation_rows": 226,
  "demographic_feature_count": 28,
  "arab_model_feature_count": 28,
  "non_arab_model_feature_count": 32,
  "selection_mae_knesset_24": 4.6351476963855704,
  "selection_r2_knesset_24": 0.8989992453985686,
  "overall_mae": 4.207028034932412,
  "overall_r2": 0.9156286742293314,
  "target_results": {
    "Right_pct": {
      "mae": 5.981460583545973,
      "r2": 0.860277751947411
    },
    "Center_Left_pct": {
      "mae": 5.706623167819655,
      "r2": 0.8871606981644599
    },
    "Haredi_pct": {
      "mae": 2.1625371267188775,
      "r2": 0.9371435209486206
    },
    "Arab_pct": {
      "mae": 2.9774912616451434,
      "r2": 0.9779327258568343
    }
  },
  "loss_function": "Squared Error in CLR space",
  "prediction_constraint": "Positive percentages summing to 100"
}