model,rows,mae,median_row_mae,weighted_mae,macro_r2,max_prediction_sum_error,absolute_mae_improvement_vs_persistence,relative_mae_improvement_vs_persistence_pct
Previous-election persistence,1212,3.082348420193735,2.4303373137469575,2.3981710324310477,0.9467645864683103,2.842170943040401e-14,0.0,0.0
Global historical CLR swing,1212,4.6227278568289165,3.9324649913680387,5.398532830603809,0.8624494468393678,2.842170943040401e-14,-1.5403794366351815,-49.97421532697345
Locality-type CLR swing,1212,4.62337280310068,3.760752405210315,4.110192318452165,0.8615295990070726,4.263256414560601e-14,-1.541024382906945,-49.995139187090565
Locality-type mean level,1212,13.82539067563008,11.65314175192638,11.163454418792318,0.30515233879906145,0.0,-10.743042255436345,-348.5343248366812
Global mean level,1212,19.633470103360114,18.015585135318247,15.218500794449211,-0.01798109480008747,2.842170943040401e-14,-16.55112168316638,-536.9646589831688
