model,rows,mae,median_row_mae,weighted_mae,macro_r2,maximum_prediction_sum_error,training_seconds,feature_count_before_encoding,absolute_mae_improvement_vs_persistence,relative_mae_improvement_vs_persistence_pct
Previous-election persistence,224,3.254846542814572,2.4996732846340164,2.3538553008554337,0.9592383816185908,2.842170943040401e-14,0.0,0,0.0,0.0
Ridge — history + levels,224,3.447611514793086,1.838861008446921,1.845152070985182,0.9513227644469957,2.842170943040401e-14,0.04266970400004766,125,-0.19276497197851405,-5.922398166637493
Ridge — history only,224,4.003033915199503,3.1232461409622165,3.1575610077270286,0.9469752499644927,2.842170943040401e-14,0.015279156000019611,6,-0.748187372384931,-22.986870887558005
Global historical CLR swing,224,4.091588077213354,3.0889651685605686,3.332040704583084,0.9445572175065294,2.842170943040401e-14,0.0,0,-0.8367415343987816,-25.707557127262408
Locality-type historical CLR swing,224,4.62018156520251,3.57328565737152,3.6918612845380654,0.9325825407067849,2.842170943040401e-14,0.0,0,-1.3653350223879381,-41.947754047024546
Extra Trees — history + levels + change,224,4.6392555822848545,3.79645592788996,3.7253631396831954,0.9308514992625865,2.842170943040401e-14,4.095826858999999,239,-1.3844090394702824,-42.53377298313851
Ridge — history + levels + change,224,4.705566703745046,4.1032598947544265,4.452264615829835,0.9272291258431031,2.842170943040401e-14,0.13906431100002692,239,-1.4507201609304743,-44.57107706454232
Ridge — socioeconomic only,224,5.00070046471713,4.1836222793757685,4.730386901807398,0.9178377898398977,2.842170943040401e-14,0.07028706699998111,233,-1.7458539219025577,-53.63859398399965
