transition_id,rows,previous_annual_match_rows,current_annual_match_rows,complete_annual_pair_rows,complete_pair_coverage_pct
K21_to_K22,1212,225,225,225,18.564356435643564
K22_to_K23,1214,225,224,224,18.451400329489292
K23_to_K24,1212,224,224,224,18.48184818481848
K24_to_K25,1213,224,225,224,18.46661170651278
